Point,Corner,mc_iteration,Pass/Fail,"value(VT(""/I15/I26<127>/net7"") 8e-09)"
1,C3,1,,877.3e-3
2,C3,2,,876.3e-3
3,C3,3,,877.1e-3
4,C3,4,,877.1e-3
5,C3,5,,877.5e-3
6,C3,6,,877.3e-3
7,C3,7,,876.8e-3
8,C3,8,,877.4e-3
9,C3,9,,877e-3
10,C3,10,,876.7e-3
11,C3,11,,877.2e-3
12,C3,12,,877.5e-3
13,C3,13,,876.9e-3
14,C3,14,,877.1e-3
15,C3,15,,877.6e-3
16,C3,16,,877.2e-3
17,C3,17,,876.7e-3
18,C3,18,,877e-3
19,C3,19,,877.5e-3
20,C3,20,,877.4e-3
21,C3,21,,877.2e-3
22,C3,22,,877e-3
23,C3,23,,877.4e-3
24,C3,24,,877.2e-3
25,C3,25,,877.4e-3
26,C3,26,,877.2e-3
27,C3,27,,876.9e-3
28,C3,28,,876.5e-3
29,C3,29,,877.4e-3
30,C3,30,,877.4e-3
31,C3,31,,876.9e-3
32,C3,32,,877.3e-3
33,C3,33,,876.9e-3
34,C3,34,,877.3e-3
35,C3,35,,877.5e-3
36,C3,36,,877.6e-3
37,C3,37,,877.1e-3
38,C3,38,,876.6e-3
39,C3,39,,877.3e-3
40,C3,40,,876.9e-3
41,C3,41,,877.3e-3
42,C3,42,,877.3e-3
43,C3,43,,876.3e-3
44,C3,44,,876.8e-3
45,C3,45,,877.3e-3
46,C3,46,,877.5e-3
47,C3,47,,877.2e-3
48,C3,48,,876.7e-3
49,C3,49,,877.2e-3
50,C3,50,,877.5e-3
51,C3,51,,877.2e-3
52,C3,52,,877.2e-3
53,C3,53,,876.1e-3
54,C3,54,,877.4e-3
55,C3,55,,876.9e-3
56,C3,56,,877.7e-3
57,C3,57,,877.1e-3
58,C3,58,,876.8e-3
59,C3,59,,877.4e-3
60,C3,60,,877.2e-3
61,C3,61,,876.6e-3
62,C3,62,,877.1e-3
63,C3,63,,877.5e-3
64,C3,64,,877.1e-3
65,C3,65,,877.6e-3
66,C3,66,,877.3e-3
67,C3,67,,876.7e-3
68,C3,68,,876.6e-3
69,C3,69,,877.2e-3
70,C3,70,,877.4e-3
71,C3,71,,877e-3
72,C3,72,,877.2e-3
73,C3,73,,876.8e-3
74,C3,74,,877.3e-3
75,C3,75,,877.4e-3
76,C3,76,,875.6e-3
77,C3,77,,877.2e-3
78,C3,78,,876.9e-3
79,C3,79,,877.4e-3
80,C3,80,,877.5e-3
81,C3,81,,876.9e-3
82,C3,82,,876.2e-3
83,C3,83,,877.2e-3
84,C3,84,,877.3e-3
85,C3,85,,876.8e-3
86,C3,86,,877.2e-3
87,C3,87,,877.6e-3
88,C3,88,,876.9e-3
89,C3,89,,877.4e-3
90,C3,90,,877.6e-3
91,C3,91,,877e-3
92,C3,92,,877.1e-3
93,C3,93,,877.5e-3
94,C3,94,,877.3e-3
95,C3,95,,876.5e-3
96,C3,96,,877.5e-3
97,C3,97,,877.1e-3
98,C3,98,,876.6e-3
99,C3,99,,877.3e-3
100,C3,100,,877.4e-3
101,C3,101,,876.4e-3
102,C3,102,,876.9e-3
103,C3,103,,877.5e-3
104,C3,104,,876.7e-3
105,C3,105,,877.3e-3
106,C3,106,,877.5e-3
107,C3,107,,877e-3
108,C3,108,,877.2e-3
109,C3,109,,877.4e-3
110,C3,110,,877.4e-3
111,C3,111,,877e-3
112,C3,112,,877.1e-3
113,C3,113,,877.4e-3
114,C3,114,,877.2e-3
115,C3,115,,876.5e-3
116,C3,116,,876.8e-3
117,C3,117,,877.5e-3
118,C3,118,,877.6e-3
119,C3,119,,877.1e-3
120,C3,120,,877.5e-3
121,C3,121,,877e-3
122,C3,122,,877.1e-3
123,C3,123,,876.2e-3
124,C3,124,,877.5e-3
125,C3,125,,877.1e-3
126,C3,126,,876.8e-3
127,C3,127,,877.3e-3
128,C3,128,,876.5e-3
129,C3,129,,877.3e-3
130,C3,130,,877.5e-3
131,C3,131,,877e-3
132,C3,132,,877.2e-3
133,C3,133,,877.6e-3
134,C3,134,,877.4e-3
135,C3,135,,876.7e-3
136,C3,136,,876.1e-3
137,C3,137,,877.2e-3
138,C3,138,,877.1e-3
139,C3,139,,877.4e-3
140,C3,140,,877.3e-3
141,C3,141,,876.7e-3
142,C3,142,,877e-3
143,C3,143,,877.5e-3
144,C3,144,,877.4e-3
145,C3,145,,876.8e-3
146,C3,146,,877e-3
147,C3,147,,877.7e-3
148,C3,148,,877.3e-3
149,C3,149,,877e-3
150,C3,150,,876.3e-3
151,C3,151,,877.2e-3
152,C3,152,,877.1e-3
153,C3,153,,877.5e-3
154,C3,154,,877.3e-3
155,C3,155,,876.8e-3
156,C3,156,,876.9e-3
157,C3,157,,877.4e-3
158,C3,158,,877.4e-3
159,C3,159,,877.1e-3
160,C3,160,,877.2e-3
161,C3,161,,876.4e-3
162,C3,162,,877.1e-3
163,C3,163,,877.4e-3
164,C3,164,,877.6e-3
165,C3,165,,877e-3
166,C3,166,,876.7e-3
167,C3,167,,877.3e-3
168,C3,168,,877.1e-3
169,C3,169,,877.7e-3
170,C3,170,,877.4e-3
171,C3,171,,876.8e-3
172,C3,172,,876.7e-3
173,C3,173,,877.2e-3
174,C3,174,,877.4e-3
175,C3,175,,876.9e-3
176,C3,176,,876.9e-3
177,C3,177,,877.3e-3
178,C3,178,,877.5e-3
179,C3,179,,877.2e-3
180,C3,180,,877e-3
181,C3,181,,877.5e-3
182,C3,182,,877.2e-3
183,C3,183,,876.4e-3
184,C3,184,,877.5e-3
185,C3,185,,877e-3
186,C3,186,,876.6e-3
187,C3,187,,877.3e-3
188,C3,188,,877.4e-3
189,C3,189,,876.9e-3
190,C3,190,,877.3e-3
191,C3,191,,875.9e-3
192,C3,192,,877.1e-3
193,C3,193,,877.6e-3
194,C3,194,,877.3e-3
195,C3,195,,876.7e-3
196,C3,196,,876.9e-3
197,C3,197,,877.3e-3
198,C3,198,,877.5e-3
199,C3,199,,877.2e-3
200,C3,200,,877.2e-3
201,C3,201,,876.8e-3
202,C3,202,,877.2e-3
203,C3,203,,877.5e-3
204,C3,204,,877.6e-3
205,C3,205,,877e-3
206,C3,206,,876.5e-3
207,C3,207,,877.2e-3
208,C3,208,,877.7e-3
209,C3,209,,877.1e-3
210,C3,210,,876.8e-3
211,C3,211,,877.4e-3
212,C3,212,,877.2e-3
213,C3,213,,876.6e-3
214,C3,214,,877.1e-3
215,C3,215,,877.5e-3
216,C3,216,,876.3e-3
217,C3,217,,877.1e-3
218,C3,218,,877.4e-3
219,C3,219,,877e-3
220,C3,220,,877.1e-3
221,C3,221,,877.3e-3
222,C3,222,,877.4e-3
223,C3,223,,876.8e-3
224,C3,224,,877.5e-3
225,C3,225,,877.1e-3
226,C3,226,,876.7e-3
227,C3,227,,877.3e-3
228,C3,228,,877.2e-3
229,C3,229,,876.9e-3
230,C3,230,,877.1e-3
231,C3,231,,877.6e-3
232,C3,232,,876.8e-3
233,C3,233,,877.5e-3
234,C3,234,,877.6e-3
235,C3,235,,877e-3
236,C3,236,,877e-3
237,C3,237,,877.3e-3
238,C3,238,,877.2e-3
239,C3,239,,876.5e-3
240,C3,240,,877.2e-3
241,C3,241,,876e-3
242,C3,242,,877.3e-3
243,C3,243,,877.1e-3
244,C3,244,,876.8e-3
245,C3,245,,877.2e-3
246,C3,246,,877.5e-3
247,C3,247,,877.1e-3
248,C3,248,,877.4e-3
249,C3,249,,876.6e-3
250,C3,250,,877e-3
251,C3,251,,877.5e-3
252,C3,252,,877.4e-3
253,C3,253,,877.2e-3
254,C3,254,,876.9e-3
255,C3,255,,877.3e-3
256,C3,256,,877.5e-3
257,C3,257,,877.3e-3
258,C3,258,,876.9e-3
259,C3,259,,877.3e-3
260,C3,260,,877.3e-3
261,C3,261,,876.6e-3
262,C3,262,,877e-3
263,C3,263,,877.6e-3
264,C3,264,,876.4e-3
265,C3,265,,877.3e-3
266,C3,266,,877.5e-3
267,C3,267,,877e-3
268,C3,268,,877.3e-3
269,C3,269,,877.5e-3
270,C3,270,,877.2e-3
271,C3,271,,876.8e-3
272,C3,272,,877.2e-3
273,C3,273,,877.5e-3
274,C3,274,,877.2e-3
275,C3,275,,876.8e-3
276,C3,276,,876.9e-3
277,C3,277,,877.4e-3
278,C3,278,,876.1e-3
279,C3,279,,877.2e-3
280,C3,280,,877.4e-3
281,C3,281,,876.8e-3
282,C3,282,,877.2e-3
283,C3,283,,877.4e-3
284,C3,284,,877.4e-3
285,C3,285,,877.1e-3
286,C3,286,,876.6e-3
287,C3,287,,877.2e-3
288,C3,288,,877.2e-3
289,C3,289,,877.5e-3
290,C3,290,,877.5e-3
291,C3,291,,876.9e-3
292,C3,292,,876.7e-3
293,C3,293,,877.3e-3
294,C3,294,,877.4e-3
295,C3,295,,877.1e-3
296,C3,296,,877.2e-3
297,C3,297,,876.5e-3
298,C3,298,,877.1e-3
299,C3,299,,877.3e-3
300,C3,300,,877.6e-3
301,C3,301,,877e-3
302,C3,302,,876.8e-3
303,C3,303,,877.4e-3
304,C3,304,,877.5e-3
305,C3,305,,877e-3
306,C3,306,,876.6e-3
307,C3,307,,877.1e-3
308,C3,308,,877.4e-3
309,C3,309,,876.9e-3
310,C3,310,,877.2e-3
311,C3,311,,877.5e-3
312,C3,312,,876.8e-3
313,C3,313,,877.3e-3
314,C3,314,,877.4e-3
315,C3,315,,877.1e-3
316,C3,316,,876.9e-3
317,C3,317,,877.4e-3
318,C3,318,,877.3e-3
319,C3,319,,876.2e-3
320,C3,320,,877.3e-3
321,C3,321,,876.7e-3
322,C3,322,,877.2e-3
323,C3,323,,877.4e-3
324,C3,324,,877.4e-3
325,C3,325,,876.9e-3
326,C3,326,,876.3e-3
327,C3,327,,877.3e-3
328,C3,328,,876.9e-3
329,C3,329,,877.5e-3
330,C3,330,,877.4e-3
331,C3,331,,876.6e-3
332,C3,332,,877e-3
333,C3,333,,877.3e-3
334,C3,334,,877.5e-3
335,C3,335,,877.2e-3
336,C3,336,,876.4e-3
337,C3,337,,877.3e-3
338,C3,338,,877.4e-3
339,C3,339,,877e-3
340,C3,340,,877.1e-3
341,C3,341,,877.5e-3
342,C3,342,,877.4e-3
343,C3,343,,876.8e-3
344,C3,344,,875.8e-3
345,C3,345,,877.1e-3
346,C3,346,,876.9e-3
347,C3,347,,877.4e-3
348,C3,348,,877.3e-3
349,C3,349,,876.8e-3
350,C3,350,,877.2e-3
351,C3,351,,877.4e-3
352,C3,352,,876.8e-3
353,C3,353,,877.4e-3
354,C3,354,,877.7e-3
355,C3,355,,877.1e-3
356,C3,356,,877.2e-3
357,C3,357,,877.4e-3
358,C3,358,,877.2e-3
359,C3,359,,876.6e-3
360,C3,360,,877.5e-3
361,C3,361,,877e-3
362,C3,362,,876.8e-3
363,C3,363,,877.3e-3
364,C3,364,,877.4e-3
365,C3,365,,876.9e-3
366,C3,366,,877.2e-3
367,C3,367,,876.2e-3
368,C3,368,,877.2e-3
369,C3,369,,876.3e-3
370,C3,370,,876.9e-3
371,C3,371,,877.5e-3
372,C3,372,,877.5e-3
373,C3,373,,877.2e-3
374,C3,374,,876.8e-3
375,C3,375,,877.2e-3
376,C3,376,,877.3e-3
377,C3,377,,877.6e-3
378,C3,378,,877.3e-3
379,C3,379,,877e-3
380,C3,380,,876.7e-3
381,C3,381,,877.3e-3
382,C3,382,,877.5e-3
383,C3,383,,877e-3
384,C3,384,,877.4e-3
385,C3,385,,877.1e-3
386,C3,386,,876.4e-3
387,C3,387,,877.2e-3
388,C3,388,,877.3e-3
389,C3,389,,876.7e-3
390,C3,390,,877.1e-3
391,C3,391,,877.6e-3
392,C3,392,,876.9e-3
393,C3,393,,877.4e-3
394,C3,394,,877.6e-3
395,C3,395,,877.1e-3
396,C3,396,,877.2e-3
397,C3,397,,877.5e-3
398,C3,398,,877.3e-3
399,C3,399,,876.7e-3
400,C3,400,,877.3e-3
401,C3,401,,877.5e-3
402,C3,402,,877.2e-3
403,C3,403,,876.9e-3
404,C3,404,,876.5e-3
405,C3,405,,877.3e-3
406,C3,406,,877.5e-3
407,C3,407,,877e-3
408,C3,408,,877.3e-3
409,C3,409,,876.7e-3
410,C3,410,,877.1e-3
411,C3,411,,877.5e-3
412,C3,412,,876.1e-3
413,C3,413,,877.1e-3
414,C3,414,,877e-3
415,C3,415,,877.4e-3
416,C3,416,,876.9e-3
417,C3,417,,877.5e-3
418,C3,418,,877.3e-3
419,C3,419,,876.4e-3
420,C3,420,,876.7e-3
421,C3,421,,877.3e-3
422,C3,422,,877.5e-3
423,C3,423,,877.2e-3
424,C3,424,,877.4e-3
425,C3,425,,877e-3
426,C3,426,,877.2e-3
427,C3,427,,877.3e-3
428,C3,428,,877.5e-3
429,C3,429,,877e-3
430,C3,430,,876.7e-3
431,C3,431,,877.4e-3
432,C3,432,,877.5e-3
433,C3,433,,877e-3
434,C3,434,,876.7e-3
435,C3,435,,877.4e-3
436,C3,436,,877.2e-3
437,C3,437,,876.2e-3
438,C3,438,,877e-3
439,C3,439,,877.4e-3
440,C3,440,,876.7e-3
441,C3,441,,877.3e-3
442,C3,442,,877.4e-3
443,C3,443,,877.1e-3
444,C3,444,,877.1e-3
445,C3,445,,877.6e-3
446,C3,446,,877.5e-3
447,C3,447,,876.9e-3
448,C3,448,,877.2e-3
449,C3,449,,876.7e-3
450,C3,450,,877e-3
451,C3,451,,877.4e-3
452,C3,452,,877.6e-3
453,C3,453,,877.1e-3
454,C3,454,,876.9e-3
455,C3,455,,877.3e-3
456,C3,456,,877.1e-3
457,C3,457,,877.5e-3
458,C3,458,,877.4e-3
459,C3,459,,876.8e-3
460,C3,460,,876.4e-3
461,C3,461,,877.2e-3
462,C3,462,,877.3e-3
463,C3,463,,877e-3
464,C3,464,,877e-3
465,C3,465,,877.4e-3
466,C3,466,,875.9e-3
467,C3,467,,877.2e-3
468,C3,468,,877.1e-3
469,C3,469,,877.6e-3
470,C3,470,,877.1e-3
471,C3,471,,876.8e-3
472,C3,472,,877.5e-3
473,C3,473,,877e-3
474,C3,474,,876.6e-3
475,C3,475,,877.4e-3
476,C3,476,,877.3e-3
477,C3,477,,876.9e-3
478,C3,478,,877.2e-3
479,C3,479,,877.4e-3
480,C3,480,,876.7e-3
481,C3,481,,877.3e-3
482,C3,482,,877.6e-3
483,C3,483,,877.1e-3
484,C3,484,,877.2e-3
485,C3,485,,876.2e-3
486,C3,486,,877.2e-3
487,C3,487,,876.9e-3
488,C3,488,,877.5e-3
489,C3,489,,877.2e-3
490,C3,490,,876.9e-3
491,C3,491,,877.3e-3
492,C3,492,,877.3e-3
493,C3,493,,876.6e-3
494,C3,494,,877e-3
495,C3,495,,877.3e-3
496,C3,496,,877.4e-3
497,C3,497,,876.8e-3
498,C3,498,,877.1e-3
499,C3,499,,877.6e-3
500,C3,500,,877.5e-3
501,C3,501,,877.1e-3
502,C3,502,,876.7e-3
503,C3,503,,877.2e-3
504,C3,504,,877.1e-3
505,C3,505,,877.4e-3
506,C3,506,,877.2e-3
507,C3,507,,876.4e-3
508,C3,508,,876.8e-3
509,C3,509,,877.4e-3
510,C3,510,,877.7e-3
511,C3,511,,877.1e-3
512,C3,512,,877e-3
513,C3,513,,877.5e-3
514,C3,514,,877.2e-3
515,C3,515,,876.3e-3
516,C3,516,,876.8e-3
517,C3,517,,877.2e-3
518,C3,518,,877.5e-3
519,C3,519,,877.2e-3
520,C3,520,,877.3e-3
521,C3,521,,876.9e-3
522,C3,522,,877.2e-3
523,C3,523,,877.6e-3
524,C3,524,,877.4e-3
525,C3,525,,877.1e-3
526,C3,526,,876.6e-3
527,C3,527,,877.3e-3
528,C3,528,,877.6e-3
529,C3,529,,877.2e-3
530,C3,530,,876.8e-3
531,C3,531,,877.4e-3
532,C3,532,,877.2e-3
533,C3,533,,876.5e-3
534,C3,534,,877.1e-3
535,C3,535,,877.4e-3
536,C3,536,,876.7e-3
537,C3,537,,877.3e-3
538,C3,538,,877.5e-3
539,C3,539,,877.1e-3
540,C3,540,,877.2e-3
541,C3,541,,875.5e-3
542,C3,542,,877.4e-3
543,C3,543,,877e-3
544,C3,544,,877.4e-3
545,C3,545,,877.1e-3
546,C3,546,,876.7e-3
547,C3,547,,877.2e-3
548,C3,548,,877.3e-3
549,C3,549,,876.8e-3
550,C3,550,,877.1e-3
551,C3,551,,877.6e-3
552,C3,552,,876.9e-3
553,C3,553,,877.5e-3
554,C3,554,,876.2e-3
555,C3,555,,877.1e-3
556,C3,556,,877.2e-3
557,C3,557,,877.5e-3
558,C3,558,,877.3e-3
559,C3,559,,876.8e-3
560,C3,560,,877.1e-3
561,C3,561,,877.5e-3
562,C3,562,,877.3e-3
563,C3,563,,876.9e-3
564,C3,564,,876.4e-3
565,C3,565,,877.4e-3
566,C3,566,,877.6e-3
567,C3,567,,876.9e-3
568,C3,568,,877.4e-3
569,C3,569,,876.7e-3
570,C3,570,,877e-3
571,C3,571,,877.5e-3
572,C3,572,,877.4e-3
573,C3,573,,877.2e-3
574,C3,574,,877e-3
575,C3,575,,877.3e-3
576,C3,576,,876.6e-3
577,C3,577,,877.3e-3
578,C3,578,,877.5e-3
579,C3,579,,877e-3
580,C3,580,,877.2e-3
581,C3,581,,877.5e-3
582,C3,582,,877.4e-3
583,C3,583,,877e-3
584,C3,584,,877.4e-3
585,C3,585,,877.1e-3
586,C3,586,,876.9e-3
587,C3,587,,877.3e-3
588,C3,588,,877.2e-3
589,C3,589,,876.3e-3
590,C3,590,,876.9e-3
591,C3,591,,877.5e-3
592,C3,592,,877.5e-3
593,C3,593,,877e-3
594,C3,594,,877.2e-3
595,C3,595,,876e-3
596,C3,596,,877.5e-3
597,C3,597,,877.1e-3
598,C3,598,,876.6e-3
599,C3,599,,877.2e-3
600,C3,600,,877.1e-3
601,C3,601,,877.4e-3
602,C3,602,,877.3e-3
603,C3,603,,876.6e-3
604,C3,604,,876.9e-3
605,C3,605,,877.4e-3
606,C3,606,,877.5e-3
607,C3,607,,877e-3
608,C3,608,,877.2e-3
609,C3,609,,876.7e-3
610,C3,610,,877.2e-3
611,C3,611,,877.5e-3
612,C3,612,,877.6e-3
613,C3,613,,877.1e-3
614,C3,614,,876.8e-3
615,C3,615,,877.4e-3
616,C3,616,,877.1e-3
617,C3,617,,877.6e-3
618,C3,618,,877.3e-3
619,C3,619,,876.7e-3
620,C3,620,,876.5e-3
621,C3,621,,877.2e-3
622,C3,622,,877.4e-3
623,C3,623,,877.2e-3
624,C3,624,,876.9e-3
625,C3,625,,877.3e-3
626,C3,626,,877.6e-3
627,C3,627,,877.3e-3
628,C3,628,,877e-3
629,C3,629,,877.5e-3
630,C3,630,,877.4e-3
631,C3,631,,876.5e-3
632,C3,632,,877.5e-3
633,C3,633,,877e-3
634,C3,634,,876.2e-3
635,C3,635,,877.2e-3
636,C3,636,,877.3e-3
637,C3,637,,876.8e-3
638,C3,638,,876.9e-3
639,C3,639,,877.5e-3
640,C3,640,,877.2e-3
641,C3,641,,877.6e-3
642,C3,642,,877.4e-3
643,C3,643,,876.8e-3
644,C3,644,,876.7e-3
645,C3,645,,877.2e-3
646,C3,646,,877.5e-3
647,C3,647,,877.2e-3
648,C3,648,,877.2e-3
649,C3,649,,876.4e-3
650,C3,650,,876.9e-3
651,C3,651,,877.4e-3
652,C3,652,,877.6e-3
653,C3,653,,877.1e-3
654,C3,654,,876.7e-3
655,C3,655,,877.4e-3
656,C3,656,,877.6e-3
657,C3,657,,877e-3
658,C3,658,,876.6e-3
659,C3,659,,877.3e-3
660,C3,660,,877.3e-3
661,C3,661,,877e-3
662,C3,662,,877.3e-3
663,C3,663,,875.9e-3
664,C3,664,,876.9e-3
665,C3,665,,877.3e-3
666,C3,666,,877.5e-3
667,C3,667,,877e-3
668,C3,668,,877e-3
669,C3,669,,877.6e-3
670,C3,670,,877.3e-3
671,C3,671,,876.5e-3
672,C3,672,,876.2e-3
673,C3,673,,877.3e-3
674,C3,674,,876.8e-3
675,C3,675,,877.3e-3
676,C3,676,,877.4e-3
677,C3,677,,876.8e-3
678,C3,678,,877e-3
679,C3,679,,877.5e-3
680,C3,680,,876.6e-3
681,C3,681,,877.3e-3
682,C3,682,,877.4e-3
683,C3,683,,876.9e-3
684,C3,684,,877.2e-3
685,C3,685,,877.5e-3
686,C3,686,,877.3e-3
687,C3,687,,877e-3
688,C3,688,,877.1e-3
689,C3,689,,877.4e-3
690,C3,690,,877.3e-3
691,C3,691,,876.8e-3
692,C3,692,,876.9e-3
693,C3,693,,877.5e-3
694,C3,694,,877.5e-3
695,C3,695,,877.1e-3
696,C3,696,,877.4e-3
697,C3,697,,876.8e-3
698,C3,698,,877.1e-3
699,C3,699,,877.6e-3
700,C3,700,,877.3e-3
701,C3,701,,877.1e-3
702,C3,702,,876.6e-3
703,C3,703,,877.2e-3
704,C3,704,,876.8e-3
705,C3,705,,877.5e-3
706,C3,706,,877.6e-3
707,C3,707,,877.1e-3
708,C3,708,,877e-3
709,C3,709,,877.3e-3
710,C3,710,,877.2e-3
711,C3,711,,876.4e-3
712,C3,712,,877.4e-3
713,C3,713,,877.1e-3
714,C3,714,,876.7e-3
715,C3,715,,877.3e-3
716,C3,716,,877.5e-3
717,C3,717,,876.9e-3
718,C3,718,,877.1e-3
719,C3,719,,877.5e-3
720,C3,720,,877.1e-3
721,C3,721,,876.6e-3
722,C3,722,,876.9e-3
723,C3,723,,877.5e-3
724,C3,724,,877.5e-3
725,C3,725,,877.2e-3
726,C3,726,,876.9e-3
727,C3,727,,877.3e-3
728,C3,728,,877.2e-3
729,C3,729,,876e-3
730,C3,730,,877.3e-3
731,C3,731,,877.1e-3
732,C3,732,,876.7e-3
733,C3,733,,877.4e-3
734,C3,734,,877.5e-3
735,C3,735,,877.1e-3
736,C3,736,,877.2e-3
737,C3,737,,876.8e-3
738,C3,738,,877.2e-3
739,C3,739,,877.5e-3
740,C3,740,,877.5e-3
741,C3,741,,877e-3
742,C3,742,,876.4e-3
743,C3,743,,877.3e-3
744,C3,744,,877.1e-3
745,C3,745,,877.3e-3
746,C3,746,,877.3e-3
747,C3,747,,876.7e-3
748,C3,748,,877e-3
749,C3,749,,877.3e-3
750,C3,750,,877.4e-3
751,C3,751,,877.3e-3
752,C3,752,,876.3e-3
753,C3,753,,877.1e-3
754,C3,754,,877.4e-3
755,C3,755,,877.1e-3
756,C3,756,,877.1e-3
757,C3,757,,877.6e-3
758,C3,758,,877.4e-3
759,C3,759,,876.7e-3
760,C3,760,,877.5e-3
761,C3,761,,877.2e-3
762,C3,762,,876.9e-3
763,C3,763,,877.4e-3
764,C3,764,,877.2e-3
765,C3,765,,876.7e-3
766,C3,766,,877.1e-3
767,C3,767,,877.4e-3
768,C3,768,,877.2e-3
769,C3,769,,876.6e-3
770,C3,770,,877.1e-3
771,C3,771,,877.3e-3
772,C3,772,,877.6e-3
773,C3,773,,877.1e-3
774,C3,774,,876.8e-3
775,C3,775,,877.5e-3
776,C3,776,,877.1e-3
777,C3,777,,875.4e-3
778,C3,778,,877.4e-3
779,C3,779,,876.9e-3
780,C3,780,,876.8e-3
781,C3,781,,877.3e-3
782,C3,782,,877.3e-3
783,C3,783,,877.1e-3
784,C3,784,,876.9e-3
785,C3,785,,877.3e-3
786,C3,786,,877.5e-3
787,C3,787,,877.1e-3
788,C3,788,,876.9e-3
789,C3,789,,877.5e-3
790,C3,790,,877.1e-3
791,C3,791,,876.3e-3
792,C3,792,,877.5e-3
793,C3,793,,877e-3
794,C3,794,,876.6e-3
795,C3,795,,877.3e-3
796,C3,796,,877.3e-3
797,C3,797,,876.9e-3
798,C3,798,,877.1e-3
799,C3,799,,877.5e-3
800,C3,800,,876.4e-3
801,C3,801,,877.3e-3
802,C3,802,,877.5e-3
803,C3,803,,877e-3
804,C3,804,,877.2e-3
805,C3,805,,877.5e-3
806,C3,806,,877.2e-3
807,C3,807,,876.9e-3
808,C3,808,,877.6e-3
809,C3,809,,877.2e-3
810,C3,810,,876.9e-3
811,C3,811,,877.3e-3
812,C3,812,,877.3e-3
813,C3,813,,876.6e-3
814,C3,814,,877.1e-3
815,C3,815,,877.3e-3
816,C3,816,,877.4e-3
817,C3,817,,876.8e-3
818,C3,818,,877.2e-3
819,C3,819,,877.7e-3
820,C3,820,,877.4e-3
821,C3,821,,877.1e-3
822,C3,822,,876.6e-3
823,C3,823,,877.1e-3
824,C3,824,,877.2e-3
825,C3,825,,877.5e-3
826,C3,826,,877.2e-3
827,C3,827,,876.7e-3
828,C3,828,,876.9e-3
829,C3,829,,877.5e-3
830,C3,830,,876e-3
831,C3,831,,877.2e-3
832,C3,832,,877.5e-3
833,C3,833,,877.2e-3
834,C3,834,,876.8e-3
835,C3,835,,877.2e-3
836,C3,836,,877.4e-3
837,C3,837,,876.9e-3
838,C3,838,,877.2e-3
839,C3,839,,876.2e-3
840,C3,840,,876.8e-3
841,C3,841,,877.4e-3
842,C3,842,,877.6e-3
843,C3,843,,877.2e-3
844,C3,844,,876.9e-3
845,C3,845,,877.5e-3
846,C3,846,,877.3e-3
847,C3,847,,876.6e-3
848,C3,848,,877.3e-3
849,C3,849,,877.5e-3
850,C3,850,,877.3e-3
851,C3,851,,877e-3
852,C3,852,,876.6e-3
853,C3,853,,877.3e-3
854,C3,854,,877.5e-3
855,C3,855,,877e-3
856,C3,856,,877.3e-3
857,C3,857,,876.4e-3
858,C3,858,,877e-3
859,C3,859,,877.5e-3
860,C3,860,,877.5e-3
861,C3,861,,877e-3
862,C3,862,,876.8e-3
863,C3,863,,877.4e-3
864,C3,864,,877e-3
865,C3,865,,877.5e-3
866,C3,866,,877.3e-3
867,C3,867,,876.6e-3
868,C3,868,,876.8e-3
869,C3,869,,877.3e-3
870,C3,870,,877.5e-3
871,C3,871,,877.2e-3
872,C3,872,,877.4e-3
873,C3,873,,876.9e-3
874,C3,874,,877.2e-3
875,C3,875,,877.5e-3
876,C3,876,,877.4e-3
877,C3,877,,876.9e-3
878,C3,878,,876.4e-3
879,C3,879,,877.3e-3
880,C3,880,,876e-3
881,C3,881,,877.1e-3
882,C3,882,,876.9e-3
883,C3,883,,877.4e-3
884,C3,884,,877.3e-3
885,C3,885,,876.9e-3
886,C3,886,,877.2e-3
887,C3,887,,877.4e-3
888,C3,888,,876.6e-3
889,C3,889,,877.2e-3
890,C3,890,,877.3e-3
891,C3,891,,877e-3
892,C3,892,,877e-3
893,C3,893,,877.6e-3
894,C3,894,,877.4e-3
895,C3,895,,876.8e-3
896,C3,896,,877.4e-3
897,C3,897,,877.1e-3
898,C3,898,,877.2e-3
899,C3,899,,877.4e-3
900,C3,900,,877.5e-3
901,C3,901,,877e-3
902,C3,902,,876.7e-3
903,C3,903,,877.3e-3
904,C3,904,,876.9e-3
905,C3,905,,877.4e-3
906,C3,906,,877.3e-3
907,C3,907,,876.4e-3
908,C3,908,,876.9e-3
909,C3,909,,877.4e-3
910,C3,910,,877.4e-3
911,C3,911,,877.2e-3
912,C3,912,,876.5e-3
913,C3,913,,877.2e-3
914,C3,914,,877.5e-3
915,C3,915,,877.1e-3
916,C3,916,,877.1e-3
917,C3,917,,877.6e-3
918,C3,918,,877.4e-3
919,C3,919,,876.9e-3
920,C3,920,,877.6e-3
921,C3,921,,877.1e-3
922,C3,922,,876.7e-3
923,C3,923,,877.4e-3
924,C3,924,,877.2e-3
925,C3,925,,876.4e-3
926,C3,926,,877e-3
927,C3,927,,877.4e-3
928,C3,928,,876.8e-3
929,C3,929,,877.3e-3
930,C3,930,,877.6e-3
931,C3,931,,877.1e-3
932,C3,932,,877.1e-3
933,C3,933,,877.5e-3
934,C3,934,,877.2e-3
935,C3,935,,876.7e-3
936,C3,936,,877.5e-3
937,C3,937,,876.8e-3
938,C3,938,,876.5e-3
939,C3,939,,877.2e-3
940,C3,940,,877.4e-3
941,C3,941,,876.7e-3
942,C3,942,,877.1e-3
943,C3,943,,877.6e-3
944,C3,944,,877.3e-3
945,C3,945,,876.7e-3
946,C3,946,,877.1e-3
947,C3,947,,877.6e-3
948,C3,948,,876e-3
949,C3,949,,877.3e-3
950,C3,950,,877e-3
951,C3,951,,877.3e-3
952,C3,952,,877.1e-3
953,C3,953,,877.5e-3
954,C3,954,,877.3e-3
955,C3,955,,876.9e-3
956,C3,956,,876.5e-3
957,C3,957,,877.3e-3
958,C3,958,,877.6e-3
959,C3,959,,877e-3
960,C3,960,,877.5e-3
961,C3,961,,877.2e-3
962,C3,962,,876.8e-3
963,C3,963,,877.3e-3
964,C3,964,,877.3e-3
965,C3,965,,876.5e-3
966,C3,966,,877e-3
967,C3,967,,877.6e-3
968,C3,968,,876.7e-3
969,C3,969,,877.4e-3
970,C3,970,,877.4e-3
971,C3,971,,877.1e-3
972,C3,972,,877.3e-3
973,C3,973,,876.2e-3
974,C3,974,,877.3e-3
975,C3,975,,877e-3
976,C3,976,,877.1e-3
977,C3,977,,877.4e-3
978,C3,978,,877.1e-3
979,C3,979,,876.5e-3
980,C3,980,,876.7e-3
981,C3,981,,877.4e-3
982,C3,982,,877.6e-3
983,C3,983,,877.1e-3
984,C3,984,,877.4e-3
985,C3,985,,876.9e-3
986,C3,986,,877.2e-3
987,C3,987,,877.8e-3
988,C3,988,,877.5e-3
989,C3,989,,877.1e-3
990,C3,990,,876.7e-3
991,C3,991,,877.2e-3
992,C3,992,,877e-3
993,C3,993,,877.5e-3
994,C3,994,,877.2e-3
995,C3,995,,876.8e-3
996,C3,996,,876.4e-3
997,C3,997,,877.2e-3
998,C3,998,,877.3e-3
999,C3,999,,877e-3
1e3,C3,1e3,,877.3e-3
1.001e3,C3,1.001e3,,876.7e-3
1.002e3,C3,1.002e3,,877e-3
1.003e3,C3,1.003e3,,877.3e-3
1.004e3,C3,1.004e3,,877.6e-3
1.005e3,C3,1.005e3,,877.1e-3
1.006e3,C3,1.006e3,,876.9e-3
1.007e3,C3,1.007e3,,877.4e-3
1.008e3,C3,1.008e3,,877.5e-3
1.009e3,C3,1.009e3,,877e-3
1.01e3,C3,1.01e3,,876.5e-3
1.011e3,C3,1.011e3,,877.4e-3
1.012e3,C3,1.012e3,,877.3e-3
1.013e3,C3,1.013e3,,876.9e-3
1.014e3,C3,1.014e3,,877.1e-3
1.015e3,C3,1.015e3,,877.5e-3
1.016e3,C3,1.016e3,,877e-3
1.017e3,C3,1.017e3,,877.3e-3
1.018e3,C3,1.018e3,,875.7e-3
1.019e3,C3,1.019e3,,877.2e-3
1.02e3,C3,1.02e3,,877e-3
1.021e3,C3,1.021e3,,877.5e-3
1.022e3,C3,1.022e3,,877.4e-3
1.023e3,C3,1.023e3,,876.7e-3
1.024e3,C3,1.024e3,,877.3e-3
1.025e3,C3,1.025e3,,877e-3
1.026e3,C3,1.026e3,,876.4e-3
1.027e3,C3,1.027e3,,877.2e-3
1.028e3,C3,1.028e3,,877.4e-3
1.029e3,C3,1.029e3,,876.8e-3
1.03e3,C3,1.03e3,,877e-3
1.031e3,C3,1.031e3,,877.5e-3
1.032e3,C3,1.032e3,,876.9e-3
1.033e3,C3,1.033e3,,877.5e-3
1.034e3,C3,1.034e3,,877.6e-3
1.035e3,C3,1.035e3,,877.2e-3
1.036e3,C3,1.036e3,,877.1e-3
1.037e3,C3,1.037e3,,877.4e-3
1.038e3,C3,1.038e3,,877.3e-3
1.039e3,C3,1.039e3,,876.7e-3
1.04e3,C3,1.04e3,,877.2e-3
1.041e3,C3,1.041e3,,877.4e-3
1.042e3,C3,1.042e3,,877.3e-3
1.043e3,C3,1.043e3,,876.9e-3
1.044e3,C3,1.044e3,,876.5e-3
1.045e3,C3,1.045e3,,877.4e-3
1.046e3,C3,1.046e3,,877.5e-3
1.047e3,C3,1.047e3,,877e-3
1.048e3,C3,1.048e3,,877.1e-3
1.049e3,C3,1.049e3,,876.7e-3
1.05e3,C3,1.05e3,,877e-3
1.051e3,C3,1.051e3,,877.6e-3
1.052e3,C3,1.052e3,,875.9e-3
1.053e3,C3,1.053e3,,877.2e-3
1.054e3,C3,1.054e3,,877e-3
1.055e3,C3,1.055e3,,877.3e-3
1.056e3,C3,1.056e3,,877e-3
1.057e3,C3,1.057e3,,877.2e-3
1.058e3,C3,1.058e3,,877.3e-3
1.059e3,C3,1.059e3,,876.6e-3
1.06e3,C3,1.06e3,,876.9e-3
1.061e3,C3,1.061e3,,877.3e-3
1.062e3,C3,1.062e3,,877.5e-3
1.063e3,C3,1.063e3,,877.2e-3
1.064e3,C3,1.064e3,,877.3e-3
1.065e3,C3,1.065e3,,877e-3
1.066e3,C3,1.066e3,,877.3e-3
1.067e3,C3,1.067e3,,876.2e-3
1.068e3,C3,1.068e3,,877.7e-3
1.069e3,C3,1.069e3,,877e-3
1.07e3,C3,1.07e3,,876.7e-3
1.071e3,C3,1.071e3,,877.4e-3
1.072e3,C3,1.072e3,,877.4e-3
1.073e3,C3,1.073e3,,877.1e-3
1.074e3,C3,1.074e3,,876.7e-3
1.075e3,C3,1.075e3,,877.4e-3
1.076e3,C3,1.076e3,,877.2e-3
1.077e3,C3,1.077e3,,876.4e-3
1.078e3,C3,1.078e3,,877.1e-3
1.079e3,C3,1.079e3,,877.4e-3
1.08e3,C3,1.08e3,,876.7e-3
1.081e3,C3,1.081e3,,877.2e-3
1.082e3,C3,1.082e3,,877.4e-3
1.083e3,C3,1.083e3,,877.1e-3
1.084e3,C3,1.084e3,,877.1e-3
1.085e3,C3,1.085e3,,877.7e-3
1.086e3,C3,1.086e3,,877.4e-3
1.087e3,C3,1.087e3,,876.8e-3
1.088e3,C3,1.088e3,,877.2e-3
1.089e3,C3,1.089e3,,876.8e-3
1.09e3,C3,1.09e3,,876.9e-3
1.091e3,C3,1.091e3,,877.5e-3
1.092e3,C3,1.092e3,,877.6e-3
1.093e3,C3,1.093e3,,877.1e-3
1.094e3,C3,1.094e3,,876.9e-3
1.095e3,C3,1.095e3,,877.4e-3
1.096e3,C3,1.096e3,,877.1e-3
1.097e3,C3,1.097e3,,877.6e-3
1.098e3,C3,1.098e3,,877.4e-3
1.099e3,C3,1.099e3,,876.8e-3
1.1e3,C3,1.1e3,,876.4e-3
1.101e3,C3,1.101e3,,877.2e-3
1.102e3,C3,1.102e3,,877.4e-3
1.103e3,C3,1.103e3,,877.1e-3
1.104e3,C3,1.104e3,,877e-3
1.105e3,C3,1.105e3,,877.4e-3
1.106e3,C3,1.106e3,,876.1e-3
1.107e3,C3,1.107e3,,877.4e-3
1.108e3,C3,1.108e3,,877.1e-3
1.109e3,C3,1.109e3,,877.6e-3
1.11e3,C3,1.11e3,,877.3e-3
1.111e3,C3,1.111e3,,876.6e-3
1.112e3,C3,1.112e3,,877.5e-3
1.113e3,C3,1.113e3,,877e-3
1.114e3,C3,1.114e3,,876.5e-3
1.115e3,C3,1.115e3,,877.3e-3
1.116e3,C3,1.116e3,,877.3e-3
1.117e3,C3,1.117e3,,876.9e-3
1.118e3,C3,1.118e3,,877.2e-3
1.119e3,C3,1.119e3,,877.5e-3
1.12e3,C3,1.12e3,,876.7e-3
1.121e3,C3,1.121e3,,877.3e-3
1.122e3,C3,1.122e3,,877.5e-3
1.123e3,C3,1.123e3,,877e-3
1.124e3,C3,1.124e3,,877.2e-3
1.125e3,C3,1.125e3,,877.2e-3
1.126e3,C3,1.126e3,,877.4e-3
1.127e3,C3,1.127e3,,877e-3
1.128e3,C3,1.128e3,,877.5e-3
1.129e3,C3,1.129e3,,877.2e-3
1.13e3,C3,1.13e3,,876.7e-3
1.131e3,C3,1.131e3,,877.3e-3
1.132e3,C3,1.132e3,,877.4e-3
1.133e3,C3,1.133e3,,876.5e-3
1.134e3,C3,1.134e3,,877e-3
1.135e3,C3,1.135e3,,877.5e-3
1.136e3,C3,1.136e3,,877.4e-3
1.137e3,C3,1.137e3,,876.8e-3
1.138e3,C3,1.138e3,,877.1e-3
1.139e3,C3,1.139e3,,877.6e-3
1.14e3,C3,1.14e3,,877.4e-3
1.141e3,C3,1.141e3,,877.1e-3
1.142e3,C3,1.142e3,,876.7e-3
1.143e3,C3,1.143e3,,877.3e-3
1.144e3,C3,1.144e3,,877e-3
1.145e3,C3,1.145e3,,877.3e-3
1.146e3,C3,1.146e3,,877.2e-3
1.147e3,C3,1.147e3,,876.4e-3
1.148e3,C3,1.148e3,,876.7e-3
1.149e3,C3,1.149e3,,877.4e-3
1.15e3,C3,1.15e3,,877.5e-3
1.151e3,C3,1.151e3,,877e-3
1.152e3,C3,1.152e3,,877.5e-3
1.153e3,C3,1.153e3,,877.2e-3
1.154e3,C3,1.154e3,,877e-3
1.155e3,C3,1.155e3,,877.3e-3
1.156e3,C3,1.156e3,,877.3e-3
1.157e3,C3,1.157e3,,876.6e-3
1.158e3,C3,1.158e3,,876.9e-3
1.159e3,C3,1.159e3,,877.5e-3
1.16e3,C3,1.16e3,,876.3e-3
1.161e3,C3,1.161e3,,877.4e-3
1.162e3,C3,1.162e3,,877.4e-3
1.163e3,C3,1.163e3,,876.9e-3
1.164e3,C3,1.164e3,,877.1e-3
1.165e3,C3,1.165e3,,877.4e-3
1.166e3,C3,1.166e3,,877.3e-3
1.167e3,C3,1.167e3,,876.9e-3
1.168e3,C3,1.168e3,,877.1e-3
1.169e3,C3,1.169e3,,877.3e-3
1.17e3,C3,1.17e3,,877.3e-3
1.171e3,C3,1.171e3,,876.8e-3
1.172e3,C3,1.172e3,,876.9e-3
1.173e3,C3,1.173e3,,877.5e-3
1.174e3,C3,1.174e3,,875.7e-3
1.175e3,C3,1.175e3,,877.1e-3
1.176e3,C3,1.176e3,,877.4e-3
1.177e3,C3,1.177e3,,876.9e-3
1.178e3,C3,1.178e3,,877.1e-3
1.179e3,C3,1.179e3,,877.5e-3
1.18e3,C3,1.18e3,,877.4e-3
1.181e3,C3,1.181e3,,877e-3
1.182e3,C3,1.182e3,,876.4e-3
1.183e3,C3,1.183e3,,877.3e-3
1.184e3,C3,1.184e3,,877.1e-3
1.185e3,C3,1.185e3,,876.2e-3
1.186e3,C3,1.186e3,,877.5e-3
1.187e3,C3,1.187e3,,876.8e-3
1.188e3,C3,1.188e3,,876.8e-3
1.189e3,C3,1.189e3,,877.2e-3
1.19e3,C3,1.19e3,,877.5e-3
1.191e3,C3,1.191e3,,876.9e-3
1.192e3,C3,1.192e3,,877.2e-3
1.193e3,C3,1.193e3,,876.6e-3
1.194e3,C3,1.194e3,,877.1e-3
1.195e3,C3,1.195e3,,877.4e-3
1.196e3,C3,1.196e3,,877.6e-3
1.197e3,C3,1.197e3,,877.1e-3
1.198e3,C3,1.198e3,,876.8e-3
1.199e3,C3,1.199e3,,877.4e-3
1.2e3,C3,1.2e3,,877.6e-3
1.201e3,C3,1.201e3,,877e-3
1.202e3,C3,1.202e3,,876.6e-3
1.203e3,C3,1.203e3,,877.3e-3
1.204e3,C3,1.204e3,,877.3e-3
1.205e3,C3,1.205e3,,877e-3
1.206e3,C3,1.206e3,,877e-3
1.207e3,C3,1.207e3,,877.6e-3
1.208e3,C3,1.208e3,,876.8e-3
1.209e3,C3,1.209e3,,877.3e-3
1.21e3,C3,1.21e3,,877.5e-3
1.211e3,C3,1.211e3,,877.2e-3
1.212e3,C3,1.212e3,,877e-3
1.213e3,C3,1.213e3,,877.4e-3
1.214e3,C3,1.214e3,,877.3e-3
1.215e3,C3,1.215e3,,876.4e-3
1.216e3,C3,1.216e3,,877.3e-3
1.217e3,C3,1.217e3,,876.8e-3
1.218e3,C3,1.218e3,,877.2e-3
1.219e3,C3,1.219e3,,877.5e-3
1.22e3,C3,1.22e3,,877.3e-3
1.221e3,C3,1.221e3,,877e-3
1.222e3,C3,1.222e3,,876.4e-3
1.223e3,C3,1.223e3,,877.3e-3
1.224e3,C3,1.224e3,,877.1e-3
1.225e3,C3,1.225e3,,877.6e-3
1.226e3,C3,1.226e3,,877.4e-3
1.227e3,C3,1.227e3,,876.6e-3
1.228e3,C3,1.228e3,,876.9e-3
1.229e3,C3,1.229e3,,877.3e-3
1.23e3,C3,1.23e3,,877.5e-3
1.231e3,C3,1.231e3,,877.2e-3
1.232e3,C3,1.232e3,,876.6e-3
1.233e3,C3,1.233e3,,877.2e-3
1.234e3,C3,1.234e3,,877.4e-3
1.235e3,C3,1.235e3,,877.1e-3
1.236e3,C3,1.236e3,,877.1e-3
1.237e3,C3,1.237e3,,877.3e-3
1.238e3,C3,1.238e3,,877.4e-3
1.239e3,C3,1.239e3,,876.8e-3
1.24e3,C3,1.24e3,,876.1e-3
1.241e3,C3,1.241e3,,877.2e-3
1.242e3,C3,1.242e3,,876.9e-3
1.243e3,C3,1.243e3,,877.4e-3
1.244e3,C3,1.244e3,,877.2e-3
1.245e3,C3,1.245e3,,876.7e-3
1.246e3,C3,1.246e3,,877.2e-3
1.247e3,C3,1.247e3,,877.4e-3
1.248e3,C3,1.248e3,,876.8e-3
1.249e3,C3,1.249e3,,877.5e-3
1.25e3,C3,1.25e3,,877.6e-3
1.251e3,C3,1.251e3,,877.1e-3
1.252e3,C3,1.252e3,,877e-3
1.253e3,C3,1.253e3,,877.3e-3
1.254e3,C3,1.254e3,,877.2e-3
1.255e3,C3,1.255e3,,876.5e-3
1.256e3,C3,1.256e3,,877.3e-3
1.257e3,C3,1.257e3,,877.1e-3
1.258e3,C3,1.258e3,,876.8e-3
1.259e3,C3,1.259e3,,877.3e-3
1.26e3,C3,1.26e3,,877.2e-3
1.261e3,C3,1.261e3,,876.9e-3
1.262e3,C3,1.262e3,,877.2e-3
1.263e3,C3,1.263e3,,877.6e-3
1.264e3,C3,1.264e3,,877.3e-3
1.265e3,C3,1.265e3,,876.2e-3
1.266e3,C3,1.266e3,,876.9e-3
1.267e3,C3,1.267e3,,877.5e-3
1.268e3,C3,1.268e3,,877.4e-3
1.269e3,C3,1.269e3,,877.1e-3
1.27e3,C3,1.27e3,,876.8e-3
1.271e3,C3,1.271e3,,877.2e-3
1.272e3,C3,1.272e3,,877.2e-3
1.273e3,C3,1.273e3,,877.5e-3
1.274e3,C3,1.274e3,,877.3e-3
1.275e3,C3,1.275e3,,876.9e-3
1.276e3,C3,1.276e3,,876.6e-3
1.277e3,C3,1.277e3,,877.4e-3
1.278e3,C3,1.278e3,,877.5e-3
1.279e3,C3,1.279e3,,877e-3
1.28e3,C3,1.28e3,,876.5e-3
1.281e3,C3,1.281e3,,877.3e-3
1.282e3,C3,1.282e3,,877.3e-3
1.283e3,C3,1.283e3,,877e-3
1.284e3,C3,1.284e3,,877.3e-3
1.285e3,C3,1.285e3,,877.4e-3
1.286e3,C3,1.286e3,,877.2e-3
1.287e3,C3,1.287e3,,876.8e-3
1.288e3,C3,1.288e3,,877.6e-3
1.289e3,C3,1.289e3,,877.2e-3
1.29e3,C3,1.29e3,,876.9e-3
1.291e3,C3,1.291e3,,877.3e-3
1.292e3,C3,1.292e3,,877.3e-3
1.293e3,C3,1.293e3,,876.7e-3
1.294e3,C3,1.294e3,,877.1e-3
1.295e3,C3,1.295e3,,877.6e-3
1.296e3,C3,1.296e3,,877.3e-3
1.297e3,C3,1.297e3,,876.8e-3
1.298e3,C3,1.298e3,,877.1e-3
1.299e3,C3,1.299e3,,877.3e-3
1.3e3,C3,1.3e3,,877.4e-3
1.301e3,C3,1.301e3,,877.1e-3
1.302e3,C3,1.302e3,,876.2e-3
1.303e3,C3,1.303e3,,877.1e-3
1.304e3,C3,1.304e3,,877.1e-3
1.305e3,C3,1.305e3,,877.4e-3
1.306e3,C3,1.306e3,,877.1e-3
1.307e3,C3,1.307e3,,876.6e-3
1.308e3,C3,1.308e3,,876.8e-3
1.309e3,C3,1.309e3,,877.5e-3
1.31e3,C3,1.31e3,,877.7e-3
1.311e3,C3,1.311e3,,877.1e-3
1.312e3,C3,1.312e3,,877.2e-3
1.313e3,C3,1.313e3,,876.5e-3
1.314e3,C3,1.314e3,,876.9e-3
1.315e3,C3,1.315e3,,877.3e-3
1.316e3,C3,1.316e3,,877.6e-3
1.317e3,C3,1.317e3,,877.1e-3
1.318e3,C3,1.318e3,,876.8e-3
1.319e3,C3,1.319e3,,877.5e-3
1.32e3,C3,1.32e3,,877.1e-3
1.321e3,C3,1.321e3,,877.6e-3
1.322e3,C3,1.322e3,,877.2e-3
1.323e3,C3,1.323e3,,876.9e-3
1.324e3,C3,1.324e3,,876.8e-3
1.325e3,C3,1.325e3,,877.3e-3
1.326e3,C3,1.326e3,,877.4e-3
1.327e3,C3,1.327e3,,877.1e-3
1.328e3,C3,1.328e3,,876.9e-3
1.329e3,C3,1.329e3,,877.3e-3
1.33e3,C3,1.33e3,,877.4e-3
1.331e3,C3,1.331e3,,877.1e-3
1.332e3,C3,1.332e3,,877e-3
1.333e3,C3,1.333e3,,877.5e-3
1.334e3,C3,1.334e3,,877.4e-3
1.335e3,C3,1.335e3,,876.5e-3
1.336e3,C3,1.336e3,,877.6e-3
1.337e3,C3,1.337e3,,877.1e-3
1.338e3,C3,1.338e3,,876.7e-3
1.339e3,C3,1.339e3,,877.5e-3
1.34e3,C3,1.34e3,,877.4e-3
1.341e3,C3,1.341e3,,877e-3
1.342e3,C3,1.342e3,,877.2e-3
1.343e3,C3,1.343e3,,876e-3
1.344e3,C3,1.344e3,,877e-3
1.345e3,C3,1.345e3,,877.5e-3
1.346e3,C3,1.346e3,,877.4e-3
1.347e3,C3,1.347e3,,876.7e-3
1.348e3,C3,1.348e3,,877e-3
1.349e3,C3,1.349e3,,877.4e-3
1.35e3,C3,1.35e3,,876.1e-3
1.351e3,C3,1.351e3,,877.3e-3
1.352e3,C3,1.352e3,,877.3e-3
1.353e3,C3,1.353e3,,877.1e-3
1.354e3,C3,1.354e3,,877.2e-3
1.355e3,C3,1.355e3,,877.5e-3
1.356e3,C3,1.356e3,,877.5e-3
1.357e3,C3,1.357e3,,876.9e-3
1.358e3,C3,1.358e3,,876.5e-3
1.359e3,C3,1.359e3,,877.3e-3
1.36e3,C3,1.36e3,,877.5e-3
1.361e3,C3,1.361e3,,877.1e-3
1.362e3,C3,1.362e3,,876.9e-3
1.363e3,C3,1.363e3,,877.4e-3
1.364e3,C3,1.364e3,,877.3e-3
1.365e3,C3,1.365e3,,876.8e-3
1.366e3,C3,1.366e3,,877.1e-3
1.367e3,C3,1.367e3,,877.5e-3
1.368e3,C3,1.368e3,,876.3e-3
1.369e3,C3,1.369e3,,877.2e-3
1.37e3,C3,1.37e3,,877.3e-3
1.371e3,C3,1.371e3,,877.1e-3
1.372e3,C3,1.372e3,,877.1e-3
1.373e3,C3,1.373e3,,877.6e-3
1.374e3,C3,1.374e3,,877.4e-3
1.375e3,C3,1.375e3,,876.8e-3
1.376e3,C3,1.376e3,,877.5e-3
1.377e3,C3,1.377e3,,876.9e-3
1.378e3,C3,1.378e3,,876.7e-3
1.379e3,C3,1.379e3,,877.2e-3
1.38e3,C3,1.38e3,,877.5e-3
1.381e3,C3,1.381e3,,876.7e-3
1.382e3,C3,1.382e3,,877.1e-3
1.383e3,C3,1.383e3,,877.7e-3
1.384e3,C3,1.384e3,,876.7e-3
1.385e3,C3,1.385e3,,877.3e-3
1.386e3,C3,1.386e3,,877.6e-3
1.387e3,C3,1.387e3,,877.1e-3
1.388e3,C3,1.388e3,,877.1e-3
1.389e3,C3,1.389e3,,877.4e-3
1.39e3,C3,1.39e3,,877.2e-3
1.391e3,C3,1.391e3,,876.4e-3
1.392e3,C3,1.392e3,,877.1e-3
1.393e3,C3,1.393e3,,875.8e-3
1.394e3,C3,1.394e3,,877.4e-3
1.395e3,C3,1.395e3,,877e-3
1.396e3,C3,1.396e3,,876.7e-3
1.397e3,C3,1.397e3,,877.3e-3
1.398e3,C3,1.398e3,,877.6e-3
1.399e3,C3,1.399e3,,877.1e-3
1.4e3,C3,1.4e3,,877.2e-3
1.401e3,C3,1.401e3,,876.5e-3
1.402e3,C3,1.402e3,,877e-3
1.403e3,C3,1.403e3,,877.5e-3
1.404e3,C3,1.404e3,,877.5e-3
1.405e3,C3,1.405e3,,877.3e-3
1.406e3,C3,1.406e3,,876.9e-3
1.407e3,C3,1.407e3,,877.3e-3
1.408e3,C3,1.408e3,,876.8e-3
1.409e3,C3,1.409e3,,877.4e-3
1.41e3,C3,1.41e3,,875.5e-3
1.411e3,C3,1.411e3,,877.2e-3
1.412e3,C3,1.412e3,,877e-3
1.413e3,C3,1.413e3,,877.5e-3
1.414e3,C3,1.414e3,,877.3e-3
1.415e3,C3,1.415e3,,876.7e-3
1.416e3,C3,1.416e3,,877.4e-3
1.417e3,C3,1.417e3,,877.1e-3
1.418e3,C3,1.418e3,,876.5e-3
1.419e3,C3,1.419e3,,877.2e-3
1.42e3,C3,1.42e3,,877.3e-3
1.421e3,C3,1.421e3,,876.8e-3
1.422e3,C3,1.422e3,,877.1e-3
1.423e3,C3,1.423e3,,877.7e-3
1.424e3,C3,1.424e3,,877.3e-3
1.425e3,C3,1.425e3,,876.6e-3
1.426e3,C3,1.426e3,,877e-3
1.427e3,C3,1.427e3,,877.6e-3
1.428e3,C3,1.428e3,,877.5e-3
1.429e3,C3,1.429e3,,877e-3
1.43e3,C3,1.43e3,,877e-3
1.431e3,C3,1.431e3,,877.3e-3
1.432e3,C3,1.432e3,,877.3e-3
1.433e3,C3,1.433e3,,877.5e-3
1.434e3,C3,1.434e3,,877.3e-3
1.435e3,C3,1.435e3,,876.8e-3
1.436e3,C3,1.436e3,,876.2e-3
1.437e3,C3,1.437e3,,877.3e-3
1.438e3,C3,1.438e3,,877.5e-3
1.439e3,C3,1.439e3,,876.9e-3
1.44e3,C3,1.44e3,,877.3e-3
1.441e3,C3,1.441e3,,877.1e-3
1.442e3,C3,1.442e3,,877.2e-3
1.443e3,C3,1.443e3,,877.5e-3
1.444e3,C3,1.444e3,,877.5e-3
1.445e3,C3,1.445e3,,876.9e-3
1.446e3,C3,1.446e3,,876.7e-3
1.447e3,C3,1.447e3,,877.3e-3
1.448e3,C3,1.448e3,,876.9e-3
1.449e3,C3,1.449e3,,877.4e-3
1.45e3,C3,1.45e3,,877.3e-3
1.451e3,C3,1.451e3,,876.4e-3
1.452e3,C3,1.452e3,,876.7e-3
1.453e3,C3,1.453e3,,877.3e-3
1.454e3,C3,1.454e3,,877.5e-3
1.455e3,C3,1.455e3,,877.2e-3
1.456e3,C3,1.456e3,,876.9e-3
1.457e3,C3,1.457e3,,877.3e-3
1.458e3,C3,1.458e3,,877.4e-3
1.459e3,C3,1.459e3,,877.1e-3
1.46e3,C3,1.46e3,,877.1e-3
1.461e3,C3,1.461e3,,876.1e-3
1.462e3,C3,1.462e3,,877.5e-3
1.463e3,C3,1.463e3,,876.9e-3
1.464e3,C3,1.464e3,,877.7e-3
1.465e3,C3,1.465e3,,877.1e-3
1.466e3,C3,1.466e3,,876.8e-3
1.467e3,C3,1.467e3,,877.4e-3
1.468e3,C3,1.468e3,,877.3e-3
1.469e3,C3,1.469e3,,876.7e-3
1.47e3,C3,1.47e3,,877e-3
1.471e3,C3,1.471e3,,877.4e-3
1.472e3,C3,1.472e3,,877.1e-3
1.473e3,C3,1.473e3,,877.6e-3
1.474e3,C3,1.474e3,,877.6e-3
1.475e3,C3,1.475e3,,876.8e-3
1.476e3,C3,1.476e3,,876.6e-3
1.477e3,C3,1.477e3,,877.3e-3
1.478e3,C3,1.478e3,,877.3e-3
1.479e3,C3,1.479e3,,877.1e-3
1.48e3,C3,1.48e3,,877.3e-3
1.481e3,C3,1.481e3,,876.8e-3
1.482e3,C3,1.482e3,,877.1e-3
1.483e3,C3,1.483e3,,877.4e-3
1.484e3,C3,1.484e3,,876.2e-3
1.485e3,C3,1.485e3,,877.2e-3
1.486e3,C3,1.486e3,,877e-3
1.487e3,C3,1.487e3,,877.5e-3
1.488e3,C3,1.488e3,,877.5e-3
1.489e3,C3,1.489e3,,877e-3
1.49e3,C3,1.49e3,,876.5e-3
1.491e3,C3,1.491e3,,877.3e-3
1.492e3,C3,1.492e3,,877.3e-3
1.493e3,C3,1.493e3,,876.9e-3
1.494e3,C3,1.494e3,,877.1e-3
1.495e3,C3,1.495e3,,877.4e-3
1.496e3,C3,1.496e3,,877e-3
1.497e3,C3,1.497e3,,877.4e-3
1.498e3,C3,1.498e3,,877.5e-3
1.499e3,C3,1.499e3,,877.3e-3
1.5e3,C3,1.5e3,,877e-3
1.501e3,C3,1.501e3,,877.5e-3
1.502e3,C3,1.502e3,,877.1e-3
1.503e3,C3,1.503e3,,876.7e-3
1.504e3,C3,1.504e3,,877.4e-3
1.505e3,C3,1.505e3,,877.2e-3
1.506e3,C3,1.506e3,,876.8e-3
1.507e3,C3,1.507e3,,877.2e-3
1.508e3,C3,1.508e3,,877.3e-3
1.509e3,C3,1.509e3,,876.3e-3
1.51e3,C3,1.51e3,,877e-3
1.511e3,C3,1.511e3,,877.2e-3
1.512e3,C3,1.512e3,,876.6e-3
1.513e3,C3,1.513e3,,877.3e-3
1.514e3,C3,1.514e3,,877.5e-3
1.515e3,C3,1.515e3,,877e-3
1.516e3,C3,1.516e3,,877.3e-3
1.517e3,C3,1.517e3,,877.5e-3
1.518e3,C3,1.518e3,,877.3e-3
1.519e3,C3,1.519e3,,876.9e-3
1.52e3,C3,1.52e3,,877.1e-3
1.521e3,C3,1.521e3,,877.4e-3
1.522e3,C3,1.522e3,,877.2e-3
1.523e3,C3,1.523e3,,876.6e-3
1.524e3,C3,1.524e3,,876.8e-3
1.525e3,C3,1.525e3,,877.4e-3
1.526e3,C3,1.526e3,,877.4e-3
1.527e3,C3,1.527e3,,877.2e-3
1.528e3,C3,1.528e3,,877.4e-3
1.529e3,C3,1.529e3,,876.9e-3
1.53e3,C3,1.53e3,,877.2e-3
1.531e3,C3,1.531e3,,876.1e-3
1.532e3,C3,1.532e3,,877.4e-3
1.533e3,C3,1.533e3,,877.2e-3
1.534e3,C3,1.534e3,,876.8e-3
1.535e3,C3,1.535e3,,877.2e-3
1.536e3,C3,1.536e3,,877.3e-3
1.537e3,C3,1.537e3,,876.9e-3
1.538e3,C3,1.538e3,,877.3e-3
1.539e3,C3,1.539e3,,876.1e-3
1.54e3,C3,1.54e3,,877.8e-3
1.541e3,C3,1.541e3,,877e-3
1.542e3,C3,1.542e3,,876.7e-3
1.543e3,C3,1.543e3,,877.3e-3
1.544e3,C3,1.544e3,,877e-3
1.545e3,C3,1.545e3,,877.5e-3
1.546e3,C3,1.546e3,,877.3e-3
1.547e3,C3,1.547e3,,876.5e-3
1.548e3,C3,1.548e3,,876.9e-3
1.549e3,C3,1.549e3,,877.2e-3
1.55e3,C3,1.55e3,,877.5e-3
1.551e3,C3,1.551e3,,877.2e-3
1.552e3,C3,1.552e3,,876.7e-3
1.553e3,C3,1.553e3,,877.2e-3
1.554e3,C3,1.554e3,,877.4e-3
1.555e3,C3,1.555e3,,877.1e-3
1.556e3,C3,1.556e3,,877.2e-3
1.557e3,C3,1.557e3,,877.4e-3
1.558e3,C3,1.558e3,,877.4e-3
1.559e3,C3,1.559e3,,876.9e-3
1.56e3,C3,1.56e3,,877.6e-3
1.561e3,C3,1.561e3,,877.1e-3
1.562e3,C3,1.562e3,,876.8e-3
1.563e3,C3,1.563e3,,877.4e-3
1.564e3,C3,1.564e3,,877.2e-3
1.565e3,C3,1.565e3,,876.4e-3
1.566e3,C3,1.566e3,,877.1e-3
1.567e3,C3,1.567e3,,877.4e-3
1.568e3,C3,1.568e3,,876.9e-3
1.569e3,C3,1.569e3,,877.5e-3
1.57e3,C3,1.57e3,,877.6e-3
1.571e3,C3,1.571e3,,877.1e-3
1.572e3,C3,1.572e3,,877.1e-3
1.573e3,C3,1.573e3,,877.4e-3
1.574e3,C3,1.574e3,,877.2e-3
1.575e3,C3,1.575e3,,876.7e-3
1.576e3,C3,1.576e3,,877.4e-3
1.577e3,C3,1.577e3,,877e-3
1.578e3,C3,1.578e3,,876.4e-3
1.579e3,C3,1.579e3,,877.2e-3
1.58e3,C3,1.58e3,,877.1e-3
1.581e3,C3,1.581e3,,876.8e-3
1.582e3,C3,1.582e3,,877.1e-3
1.583e3,C3,1.583e3,,877.6e-3
1.584e3,C3,1.584e3,,877.4e-3
1.585e3,C3,1.585e3,,876.7e-3
1.586e3,C3,1.586e3,,877e-3
1.587e3,C3,1.587e3,,877.5e-3
1.588e3,C3,1.588e3,,875.7e-3
1.589e3,C3,1.589e3,,877.2e-3
1.59e3,C3,1.59e3,,877e-3
1.591e3,C3,1.591e3,,877.3e-3
1.592e3,C3,1.592e3,,877.2e-3
1.593e3,C3,1.593e3,,877.5e-3
1.594e3,C3,1.594e3,,877.3e-3
1.595e3,C3,1.595e3,,876.9e-3
1.596e3,C3,1.596e3,,876.5e-3
1.597e3,C3,1.597e3,,877.1e-3
1.598e3,C3,1.598e3,,877.5e-3
1.599e3,C3,1.599e3,,877e-3
1.6e3,C3,1.6e3,,877.4e-3
1.601e3,C3,1.601e3,,877.2e-3
1.602e3,C3,1.602e3,,877e-3
1.603e3,C3,1.603e3,,877.3e-3
1.604e3,C3,1.604e3,,877.3e-3
1.605e3,C3,1.605e3,,876.5e-3
1.606e3,C3,1.606e3,,876.9e-3
1.607e3,C3,1.607e3,,877.4e-3
1.608e3,C3,1.608e3,,876.7e-3
1.609e3,C3,1.609e3,,877.4e-3
1.61e3,C3,1.61e3,,877.5e-3
1.611e3,C3,1.611e3,,877e-3
1.612e3,C3,1.612e3,,877.2e-3
1.613e3,C3,1.613e3,,877.6e-3
1.614e3,C3,1.614e3,,877.4e-3
1.615e3,C3,1.615e3,,876.8e-3
1.616e3,C3,1.616e3,,877e-3
1.617e3,C3,1.617e3,,877.3e-3
1.618e3,C3,1.618e3,,877.2e-3
1.619e3,C3,1.619e3,,876.4e-3
1.62e3,C3,1.62e3,,876.7e-3
1.621e3,C3,1.621e3,,877.4e-3
1.622e3,C3,1.622e3,,877.5e-3
1.623e3,C3,1.623e3,,877e-3
1.624e3,C3,1.624e3,,877.4e-3
1.625e3,C3,1.625e3,,876.9e-3
1.626e3,C3,1.626e3,,877.1e-3
1.627e3,C3,1.627e3,,877.5e-3
1.628e3,C3,1.628e3,,877.4e-3
1.629e3,C3,1.629e3,,877e-3
1.63e3,C3,1.63e3,,876.4e-3
1.631e3,C3,1.631e3,,877.3e-3
1.632e3,C3,1.632e3,,877.1e-3
1.633e3,C3,1.633e3,,877.6e-3
1.634e3,C3,1.634e3,,877.3e-3
1.635e3,C3,1.635e3,,876.7e-3
1.636e3,C3,1.636e3,,876.4e-3
1.637e3,C3,1.637e3,,877.2e-3
1.638e3,C3,1.638e3,,877.3e-3
1.639e3,C3,1.639e3,,876.9e-3
1.64e3,C3,1.64e3,,877.2e-3
1.641e3,C3,1.641e3,,876.7e-3
1.642e3,C3,1.642e3,,877.1e-3
1.643e3,C3,1.643e3,,877.5e-3
1.644e3,C3,1.644e3,,877.6e-3
1.645e3,C3,1.645e3,,877.1e-3
1.646e3,C3,1.646e3,,876.8e-3
1.647e3,C3,1.647e3,,877.4e-3
1.648e3,C3,1.648e3,,877.5e-3
1.649e3,C3,1.649e3,,877e-3
1.65e3,C3,1.65e3,,876.5e-3
1.651e3,C3,1.651e3,,877.3e-3
1.652e3,C3,1.652e3,,877.3e-3
1.653e3,C3,1.653e3,,876.9e-3
1.654e3,C3,1.654e3,,877.3e-3
1.655e3,C3,1.655e3,,877.6e-3
1.656e3,C3,1.656e3,,877e-3
1.657e3,C3,1.657e3,,877.3e-3
1.658e3,C3,1.658e3,,876e-3
1.659e3,C3,1.659e3,,877.3e-3
1.66e3,C3,1.66e3,,877e-3
1.661e3,C3,1.661e3,,877.5e-3
1.662e3,C3,1.662e3,,877.3e-3
1.663e3,C3,1.663e3,,876.6e-3
1.664e3,C3,1.664e3,,877.2e-3
1.665e3,C3,1.665e3,,876.6e-3
1.666e3,C3,1.666e3,,877.2e-3
1.667e3,C3,1.667e3,,877.4e-3
1.668e3,C3,1.668e3,,877.6e-3
1.669e3,C3,1.669e3,,877.2e-3
1.67e3,C3,1.67e3,,876.8e-3
1.671e3,C3,1.671e3,,877.4e-3
1.672e3,C3,1.672e3,,877.2e-3
1.673e3,C3,1.673e3,,876.2e-3
1.674e3,C3,1.674e3,,877.4e-3
1.675e3,C3,1.675e3,,876.9e-3
1.676e3,C3,1.676e3,,876.8e-3
1.677e3,C3,1.677e3,,877.3e-3
1.678e3,C3,1.678e3,,877.5e-3
1.679e3,C3,1.679e3,,877.2e-3
1.68e3,C3,1.68e3,,876.9e-3
1.681e3,C3,1.681e3,,877.4e-3
1.682e3,C3,1.682e3,,877.6e-3
1.683e3,C3,1.683e3,,877e-3
1.684e3,C3,1.684e3,,877e-3
1.685e3,C3,1.685e3,,877.5e-3
1.686e3,C3,1.686e3,,877.3e-3
1.687e3,C3,1.687e3,,876.4e-3
1.688e3,C3,1.688e3,,877.6e-3
1.689e3,C3,1.689e3,,877e-3
1.69e3,C3,1.69e3,,876.6e-3
1.691e3,C3,1.691e3,,877.3e-3
1.692e3,C3,1.692e3,,877.3e-3
1.693e3,C3,1.693e3,,877e-3
1.694e3,C3,1.694e3,,877.3e-3
1.695e3,C3,1.695e3,,877.5e-3
1.696e3,C3,1.696e3,,876.3e-3
1.697e3,C3,1.697e3,,877.3e-3
1.698e3,C3,1.698e3,,877.5e-3
1.699e3,C3,1.699e3,,876.9e-3
1.7e3,C3,1.7e3,,877.2e-3
1.701e3,C3,1.701e3,,877.5e-3
1.702e3,C3,1.702e3,,877.3e-3
1.703e3,C3,1.703e3,,876.9e-3
1.704e3,C3,1.704e3,,877.6e-3
1.705e3,C3,1.705e3,,877.2e-3
1.706e3,C3,1.706e3,,877.1e-3
1.707e3,C3,1.707e3,,877.3e-3
1.708e3,C3,1.708e3,,877.3e-3
1.709e3,C3,1.709e3,,876.6e-3
1.71e3,C3,1.71e3,,877e-3
1.711e3,C3,1.711e3,,877.5e-3
1.712e3,C3,1.712e3,,877.5e-3
1.713e3,C3,1.713e3,,876.8e-3
1.714e3,C3,1.714e3,,877.1e-3
1.715e3,C3,1.715e3,,877.5e-3
1.716e3,C3,1.716e3,,877.4e-3
1.717e3,C3,1.717e3,,877e-3
1.718e3,C3,1.718e3,,876.7e-3
1.719e3,C3,1.719e3,,877.2e-3
1.72e3,C3,1.72e3,,877.1e-3
1.721e3,C3,1.721e3,,877.5e-3
1.722e3,C3,1.722e3,,877.2e-3
1.723e3,C3,1.723e3,,876.6e-3
1.724e3,C3,1.724e3,,876.9e-3
1.725e3,C3,1.725e3,,877.4e-3
1.726e3,C3,1.726e3,,876e-3
1.727e3,C3,1.727e3,,877.2e-3
1.728e3,C3,1.728e3,,877.3e-3
1.729e3,C3,1.729e3,,877.1e-3
1.73e3,C3,1.73e3,,876.8e-3
1.731e3,C3,1.731e3,,877.2e-3
1.732e3,C3,1.732e3,,877.5e-3
1.733e3,C3,1.733e3,,876.9e-3
1.734e3,C3,1.734e3,,877.1e-3
1.735e3,C3,1.735e3,,875.2e-3
1.736e3,C3,1.736e3,,876.9e-3
1.737e3,C3,1.737e3,,877.2e-3
1.738e3,C3,1.738e3,,877.6e-3
1.739e3,C3,1.739e3,,877.1e-3
1.74e3,C3,1.74e3,,877.1e-3
1.741e3,C3,1.741e3,,877.3e-3
1.742e3,C3,1.742e3,,877.2e-3
1.743e3,C3,1.743e3,,876.6e-3
1.744e3,C3,1.744e3,,877.2e-3
1.745e3,C3,1.745e3,,877.4e-3
1.746e3,C3,1.746e3,,877.4e-3
1.747e3,C3,1.747e3,,876.9e-3
1.748e3,C3,1.748e3,,876.6e-3
1.749e3,C3,1.749e3,,877.4e-3
1.75e3,C3,1.75e3,,877.5e-3
1.751e3,C3,1.751e3,,877e-3
1.752e3,C3,1.752e3,,877.1e-3
1.753e3,C3,1.753e3,,876.3e-3
1.754e3,C3,1.754e3,,876.9e-3
1.755e3,C3,1.755e3,,877.5e-3
1.756e3,C3,1.756e3,,877.4e-3
1.757e3,C3,1.757e3,,877.1e-3
1.758e3,C3,1.758e3,,876.9e-3
1.759e3,C3,1.759e3,,877.3e-3
1.76e3,C3,1.76e3,,877.1e-3
1.761e3,C3,1.761e3,,877.3e-3
1.762e3,C3,1.762e3,,877.4e-3
1.763e3,C3,1.763e3,,876.6e-3
1.764e3,C3,1.764e3,,876.9e-3
1.765e3,C3,1.765e3,,877.4e-3
1.766e3,C3,1.766e3,,877.5e-3
1.767e3,C3,1.767e3,,877.3e-3
1.768e3,C3,1.768e3,,877.2e-3
1.769e3,C3,1.769e3,,876.8e-3
1.77e3,C3,1.77e3,,877.2e-3
1.771e3,C3,1.771e3,,877.5e-3
1.772e3,C3,1.772e3,,877.5e-3
1.773e3,C3,1.773e3,,877e-3
1.774e3,C3,1.774e3,,876.4e-3
1.775e3,C3,1.775e3,,877.3e-3
1.776e3,C3,1.776e3,,876.3e-3
1.777e3,C3,1.777e3,,877.2e-3
1.778e3,C3,1.778e3,,877e-3
1.779e3,C3,1.779e3,,877.5e-3
1.78e3,C3,1.78e3,,877.3e-3
1.781e3,C3,1.781e3,,876.7e-3
1.782e3,C3,1.782e3,,877.2e-3
1.783e3,C3,1.783e3,,877.4e-3
1.784e3,C3,1.784e3,,876.5e-3
1.785e3,C3,1.785e3,,877.1e-3
1.786e3,C3,1.786e3,,877.5e-3
1.787e3,C3,1.787e3,,877.1e-3
1.788e3,C3,1.788e3,,877.1e-3
1.789e3,C3,1.789e3,,877.6e-3
1.79e3,C3,1.79e3,,877.4e-3
1.791e3,C3,1.791e3,,876.8e-3
1.792e3,C3,1.792e3,,877.1e-3
1.793e3,C3,1.793e3,,877.6e-3
1.794e3,C3,1.794e3,,877.5e-3
1.795e3,C3,1.795e3,,876.9e-3
1.796e3,C3,1.796e3,,876.8e-3
1.797e3,C3,1.797e3,,877.2e-3
1.798e3,C3,1.798e3,,877.4e-3
1.799e3,C3,1.799e3,,877.1e-3
1.8e3,C3,1.8e3,,877.2e-3
1.801e3,C3,1.801e3,,876.5e-3
1.802e3,C3,1.802e3,,877.1e-3
1.803e3,C3,1.803e3,,877.3e-3
1.804e3,C3,1.804e3,,877.6e-3
1.805e3,C3,1.805e3,,877e-3
1.806e3,C3,1.806e3,,876.8e-3
1.807e3,C3,1.807e3,,877.2e-3
1.808e3,C3,1.808e3,,877.6e-3
1.809e3,C3,1.809e3,,877e-3
1.81e3,C3,1.81e3,,876.7e-3
1.811e3,C3,1.811e3,,877.4e-3
1.812e3,C3,1.812e3,,877.3e-3
1.813e3,C3,1.813e3,,877e-3
1.814e3,C3,1.814e3,,877.3e-3
1.815e3,C3,1.815e3,,875.9e-3
1.816e3,C3,1.816e3,,876.9e-3
1.817e3,C3,1.817e3,,877.4e-3
1.818e3,C3,1.818e3,,877.5e-3
1.819e3,C3,1.819e3,,877.1e-3
1.82e3,C3,1.82e3,,877e-3
1.821e3,C3,1.821e3,,877.5e-3
1.822e3,C3,1.822e3,,877.4e-3
1.823e3,C3,1.823e3,,876.6e-3
1.824e3,C3,1.824e3,,877.4e-3
1.825e3,C3,1.825e3,,877.3e-3
1.826e3,C3,1.826e3,,876.9e-3
1.827e3,C3,1.827e3,,877.3e-3
1.828e3,C3,1.828e3,,877.3e-3
1.829e3,C3,1.829e3,,876.7e-3
1.83e3,C3,1.83e3,,877.1e-3
1.831e3,C3,1.831e3,,877.3e-3
1.832e3,C3,1.832e3,,876.4e-3
1.833e3,C3,1.833e3,,877.3e-3
1.834e3,C3,1.834e3,,877.5e-3
1.835e3,C3,1.835e3,,877e-3
1.836e3,C3,1.836e3,,877.2e-3
1.837e3,C3,1.837e3,,877.4e-3
1.838e3,C3,1.838e3,,877.2e-3
1.839e3,C3,1.839e3,,876.8e-3
1.84e3,C3,1.84e3,,877.1e-3
1.841e3,C3,1.841e3,,877.4e-3
1.842e3,C3,1.842e3,,877.2e-3
1.843e3,C3,1.843e3,,876.6e-3
1.844e3,C3,1.844e3,,876.9e-3
1.845e3,C3,1.845e3,,877.4e-3
1.846e3,C3,1.846e3,,877.6e-3
1.847e3,C3,1.847e3,,877.2e-3
1.848e3,C3,1.848e3,,877.3e-3
1.849e3,C3,1.849e3,,876.7e-3
1.85e3,C3,1.85e3,,877.1e-3
1.851e3,C3,1.851e3,,877.7e-3
1.852e3,C3,1.852e3,,877.4e-3
1.853e3,C3,1.853e3,,877e-3
1.854e3,C3,1.854e3,,876.3e-3
1.855e3,C3,1.855e3,,877.1e-3
1.856e3,C3,1.856e3,,876.7e-3
1.857e3,C3,1.857e3,,877.3e-3
1.858e3,C3,1.858e3,,877.6e-3
1.859e3,C3,1.859e3,,877.1e-3
1.86e3,C3,1.86e3,,877.1e-3
1.861e3,C3,1.861e3,,877.4e-3
1.862e3,C3,1.862e3,,877.2e-3
1.863e3,C3,1.863e3,,876.3e-3
1.864e3,C3,1.864e3,,877.5e-3
1.865e3,C3,1.865e3,,877.1e-3
1.866e3,C3,1.866e3,,876.7e-3
1.867e3,C3,1.867e3,,877.2e-3
1.868e3,C3,1.868e3,,877.4e-3
1.869e3,C3,1.869e3,,876.8e-3
1.87e3,C3,1.87e3,,877.1e-3
1.871e3,C3,1.871e3,,877.6e-3
1.872e3,C3,1.872e3,,877.2e-3
1.873e3,C3,1.873e3,,876.5e-3
1.874e3,C3,1.874e3,,877e-3
1.875e3,C3,1.875e3,,877.5e-3
1.876e3,C3,1.876e3,,877.5e-3
1.877e3,C3,1.877e3,,877e-3
1.878e3,C3,1.878e3,,876.9e-3
1.879e3,C3,1.879e3,,877.3e-3
1.88e3,C3,1.88e3,,877.3e-3
1.881e3,C3,1.881e3,,875.9e-3
1.882e3,C3,1.882e3,,877.3e-3
1.883e3,C3,1.883e3,,877e-3
1.884e3,C3,1.884e3,,876.6e-3
1.885e3,C3,1.885e3,,877.3e-3
1.886e3,C3,1.886e3,,877.6e-3
1.887e3,C3,1.887e3,,877.1e-3
1.888e3,C3,1.888e3,,877.3e-3
1.889e3,C3,1.889e3,,877e-3
1.89e3,C3,1.89e3,,877.2e-3
1.891e3,C3,1.891e3,,877.5e-3
1.892e3,C3,1.892e3,,877.5e-3
1.893e3,C3,1.893e3,,876.9e-3
1.894e3,C3,1.894e3,,876.5e-3
1.895e3,C3,1.895e3,,877.3e-3
1.896e3,C3,1.896e3,,877e-3
1.897e3,C3,1.897e3,,877.5e-3
1.898e3,C3,1.898e3,,877.4e-3
1.899e3,C3,1.899e3,,876.7e-3
1.9e3,C3,1.9e3,,876.7e-3
1.901e3,C3,1.901e3,,877.4e-3
1.902e3,C3,1.902e3,,876.1e-3
1.903e3,C3,1.903e3,,877.2e-3
1.904e3,C3,1.904e3,,876.5e-3
1.905e3,C3,1.905e3,,877.3e-3
1.906e3,C3,1.906e3,,877.4e-3
1.907e3,C3,1.907e3,,877e-3
1.908e3,C3,1.908e3,,877e-3
1.909e3,C3,1.909e3,,877.6e-3
1.91e3,C3,1.91e3,,877.4e-3
1.911e3,C3,1.911e3,,876.8e-3
1.912e3,C3,1.912e3,,877.6e-3
1.913e3,C3,1.913e3,,877.1e-3
1.914e3,C3,1.914e3,,876.9e-3
1.915e3,C3,1.915e3,,877.4e-3
1.916e3,C3,1.916e3,,877.3e-3
1.917e3,C3,1.917e3,,876.5e-3
1.918e3,C3,1.918e3,,877.2e-3
1.919e3,C3,1.919e3,,877.5e-3
1.92e3,C3,1.92e3,,876.9e-3
1.921e3,C3,1.921e3,,877.5e-3
1.922e3,C3,1.922e3,,877.4e-3
1.923e3,C3,1.923e3,,876.3e-3
1.924e3,C3,1.924e3,,876.9e-3
1.925e3,C3,1.925e3,,877.3e-3
1.926e3,C3,1.926e3,,877.5e-3
1.927e3,C3,1.927e3,,877.2e-3
1.928e3,C3,1.928e3,,877.4e-3
1.929e3,C3,1.929e3,,876.8e-3
1.93e3,C3,1.93e3,,877.2e-3
1.931e3,C3,1.931e3,,877.5e-3
1.932e3,C3,1.932e3,,877.5e-3
1.933e3,C3,1.933e3,,877e-3
1.934e3,C3,1.934e3,,876.6e-3
1.935e3,C3,1.935e3,,877.3e-3
1.936e3,C3,1.936e3,,877.5e-3
1.937e3,C3,1.937e3,,877.1e-3
1.938e3,C3,1.938e3,,876.8e-3
1.939e3,C3,1.939e3,,877.4e-3
1.94e3,C3,1.94e3,,877.2e-3
1.941e3,C3,1.941e3,,876.6e-3
1.942e3,C3,1.942e3,,877.1e-3
1.943e3,C3,1.943e3,,877.4e-3
1.944e3,C3,1.944e3,,876.6e-3
1.945e3,C3,1.945e3,,877.3e-3
1.946e3,C3,1.946e3,,877.4e-3
1.947e3,C3,1.947e3,,877.2e-3
1.948e3,C3,1.948e3,,877.1e-3
1.949e3,C3,1.949e3,,876.1e-3
1.95e3,C3,1.95e3,,877.5e-3
1.951e3,C3,1.951e3,,876.9e-3
1.952e3,C3,1.952e3,,877.4e-3
1.953e3,C3,1.953e3,,876.9e-3
1.954e3,C3,1.954e3,,876.5e-3
1.955e3,C3,1.955e3,,877.2e-3
1.956e3,C3,1.956e3,,877.3e-3
1.957e3,C3,1.957e3,,876.8e-3
1.958e3,C3,1.958e3,,877.1e-3
1.959e3,C3,1.959e3,,877.6e-3
1.96e3,C3,1.96e3,,876.8e-3
1.961e3,C3,1.961e3,,877.4e-3
1.962e3,C3,1.962e3,,877.6e-3
1.963e3,C3,1.963e3,,877.2e-3
1.964e3,C3,1.964e3,,877.2e-3
1.965e3,C3,1.965e3,,877.4e-3
1.966e3,C3,1.966e3,,877.2e-3
1.967e3,C3,1.967e3,,876.7e-3
1.968e3,C3,1.968e3,,877.2e-3
1.969e3,C3,1.969e3,,877.5e-3
1.97e3,C3,1.97e3,,877.3e-3
1.971e3,C3,1.971e3,,876.8e-3
1.972e3,C3,1.972e3,,876.2e-3
1.973e3,C3,1.973e3,,877.2e-3
1.974e3,C3,1.974e3,,877.5e-3
1.975e3,C3,1.975e3,,877e-3
1.976e3,C3,1.976e3,,877.2e-3
1.977e3,C3,1.977e3,,876.5e-3
1.978e3,C3,1.978e3,,877e-3
1.979e3,C3,1.979e3,,877.5e-3
1.98e3,C3,1.98e3,,877.5e-3
1.981e3,C3,1.981e3,,877.3e-3
1.982e3,C3,1.982e3,,876.9e-3
1.983e3,C3,1.983e3,,877.3e-3
1.984e3,C3,1.984e3,,876.6e-3
1.985e3,C3,1.985e3,,877.3e-3
1.986e3,C3,1.986e3,,877.6e-3
1.987e3,C3,1.987e3,,877e-3
1.988e3,C3,1.988e3,,877.3e-3
1.989e3,C3,1.989e3,,877.5e-3
1.99e3,C3,1.99e3,,877.3e-3
1.991e3,C3,1.991e3,,876.9e-3
1.992e3,C3,1.992e3,,877.5e-3
1.993e3,C3,1.993e3,,877.1e-3
1.994e3,C3,1.994e3,,876.8e-3
1.995e3,C3,1.995e3,,877.2e-3
1.996e3,C3,1.996e3,,877.3e-3
1.997e3,C3,1.997e3,,876.2e-3
1.998e3,C3,1.998e3,,877e-3
1.999e3,C3,1.999e3,,877.5e-3
2e3,C3,2e3,,877.5e-3

